{
  "name": "{{Dataset_Name}}",
  "compatibilityLevel": 1604,
  "model": {
    "name": "{{Dataset_Name}}",
    "culture": "en-US",
    "collation": "Latin1_General_100_BIN2_UTF8",
    "dataAccessOptions": {
      "legacyRedirects": true,
      "returnErrorValuesAsNull": true
    },
    "defaultPowerBIDataSourceVersion": "powerBI_V3",
    "sourceQueryCulture": "en-US",
    "tables": [
      {
        "name": "airlines_refined",
        "sourceLineageTag": "[dbo].[airlines_refined]",
        "columns": [
          {
            "name": "IATA_CODE",
            "dataType": "string",
            "sourceColumn": "IATA_CODE",
            "sourceProviderType": "varchar",
            "sourceLineageTag": "IATA_CODE",
            "summarizeBy": "none",
            "annotations": [
              {
                "name": "SummarizationSetBy",
                "value": "Automatic"
              }
            ]
          },
          {
            "name": "AIRLINE",
            "dataType": "string",
            "sourceColumn": "AIRLINE",
            "sourceProviderType": "varchar",
            "sourceLineageTag": "AIRLINE",
            "summarizeBy": "none",
            "annotations": [
              {
                "name": "SummarizationSetBy",
                "value": "Automatic"
              }
            ]
          }
        ],
        "partitions": [
          {
            "name": "{{Partition_Name}}",
            "mode": "directLake",
            "source": {
              "type": "entity",
              "entityName": "airlines_refined",
              "expressionSource": "DatabaseQuery",
              "schemaName": "dbo"
            }
          }
        ],
        "annotations": [
          {
            "name": "IsTableInBiModel",
            "value": "False"
          }
        ]
      },
      {
        "name": "airports_refined",
        "sourceLineageTag": "[dbo].[airports_refined]",
        "columns": [
          {
            "name": "IATA_CODE",
            "dataType": "string",
            "sourceColumn": "IATA_CODE",
            "sourceProviderType": "varchar",
            "sourceLineageTag": "IATA_CODE",
            "summarizeBy": "none",
            "annotations": [
              {
                "name": "SummarizationSetBy",
                "value": "Automatic"
              }
            ]
          },
          {
            "name": "AIRPORT",
            "dataType": "string",
            "sourceColumn": "AIRPORT",
            "sourceProviderType": "varchar",
            "sourceLineageTag": "AIRPORT",
            "summarizeBy": "none",
            "annotations": [
              {
                "name": "SummarizationSetBy",
                "value": "Automatic"
              }
            ]
          },
          {
            "name": "CITY",
            "dataType": "string",
            "sourceColumn": "CITY",
            "sourceProviderType": "varchar",
            "sourceLineageTag": "CITY",
            "summarizeBy": "none",
            "annotations": [
              {
                "name": "SummarizationSetBy",
                "value": "Automatic"
              }
            ]
          },
          {
            "name": "STATE",
            "dataType": "string",
            "sourceColumn": "STATE",
            "sourceProviderType": "varchar",
            "sourceLineageTag": "STATE",
            "summarizeBy": "none",
            "annotations": [
              {
                "name": "SummarizationSetBy",
                "value": "Automatic"
              }
            ]
          },
          {
            "name": "COUNTRY",
            "dataType": "string",
            "sourceColumn": "COUNTRY",
            "sourceProviderType": "varchar",
            "sourceLineageTag": "COUNTRY",
            "summarizeBy": "none",
            "annotations": [
              {
                "name": "SummarizationSetBy",
                "value": "Automatic"
              }
            ]
          },
          {
            "name": "LATITUDE",
            "dataType": "string",
            "sourceColumn": "LATITUDE",
            "sourceProviderType": "varchar",
            "sourceLineageTag": "LATITUDE",
            "summarizeBy": "none",
            "annotations": [
              {
                "name": "SummarizationSetBy",
                "value": "Automatic"
              }
            ]
          },
          {
            "name": "LONGITUDE",
            "dataType": "string",
            "sourceColumn": "LONGITUDE",
            "sourceProviderType": "varchar",
            "sourceLineageTag": "LONGITUDE",
            "summarizeBy": "none",
            "annotations": [
              {
                "name": "SummarizationSetBy",
                "value": "Automatic"
              }
            ]
          }
        ],
        "partitions": [
          {
            "name": "{{Partition_Name}}",
            "mode": "directLake",
            "source": {
              "type": "entity",
              "entityName": "airports_refined",
              "expressionSource": "DatabaseQuery",
              "schemaName": "dbo"
            }
          }
        ],
        "annotations": [
          {
            "name": "IsTableInBiModel",
            "value": "False"
          }
        ]
      },
      {
        "name": "flights_refined",
        "sourceLineageTag": "[dbo].[flights_refined]",
        "columns": [
          {
            "name": "YEAR",
            "dataType": "string",
            "sourceColumn": "YEAR",
            "sourceProviderType": "varchar",
            "sourceLineageTag": "YEAR",
            "summarizeBy": "none",
            "annotations": [
              {
                "name": "SummarizationSetBy",
                "value": "Automatic"
              }
            ]
          },
          {
            "name": "MONTH",
            "dataType": "string",
            "sourceColumn": "MONTH",
            "sourceProviderType": "varchar",
            "sourceLineageTag": "MONTH",
            "summarizeBy": "none",
            "annotations": [
              {
                "name": "SummarizationSetBy",
                "value": "Automatic"
              }
            ]
          },
          {
            "name": "DAY",
            "dataType": "string",
            "sourceColumn": "DAY",
            "sourceProviderType": "varchar",
            "sourceLineageTag": "DAY",
            "summarizeBy": "none",
            "annotations": [
              {
                "name": "SummarizationSetBy",
                "value": "Automatic"
              }
            ]
          },
          {
            "name": "DAY_OF_WEEK",
            "dataType": "string",
            "sourceColumn": "DAY_OF_WEEK",
            "sourceProviderType": "varchar",
            "sourceLineageTag": "DAY_OF_WEEK",
            "summarizeBy": "none",
            "annotations": [
              {
                "name": "SummarizationSetBy",
                "value": "Automatic"
              }
            ]
          },
          {
            "name": "AIRLINE",
            "dataType": "string",
            "sourceColumn": "AIRLINE",
            "sourceProviderType": "varchar",
            "sourceLineageTag": "AIRLINE",
            "summarizeBy": "none",
            "annotations": [
              {
                "name": "SummarizationSetBy",
                "value": "Automatic"
              }
            ]
          },
          {
            "name": "FLIGHT_NUMBER",
            "dataType": "string",
            "sourceColumn": "FLIGHT_NUMBER",
            "sourceProviderType": "varchar",
            "sourceLineageTag": "FLIGHT_NUMBER",
            "summarizeBy": "none",
            "annotations": [
              {
                "name": "SummarizationSetBy",
                "value": "Automatic"
              }
            ]
          },
          {
            "name": "TAIL_NUMBER",
            "dataType": "string",
            "sourceColumn": "TAIL_NUMBER",
            "sourceProviderType": "varchar",
            "sourceLineageTag": "TAIL_NUMBER",
            "summarizeBy": "none",
            "annotations": [
              {
                "name": "SummarizationSetBy",
                "value": "Automatic"
              }
            ]
          },
          {
            "name": "ORIGIN_AIRPORT",
            "dataType": "string",
            "sourceColumn": "ORIGIN_AIRPORT",
            "sourceProviderType": "varchar",
            "sourceLineageTag": "ORIGIN_AIRPORT",
            "summarizeBy": "none",
            "annotations": [
              {
                "name": "SummarizationSetBy",
                "value": "Automatic"
              }
            ]
          },
          {
            "name": "DESTINATION_AIRPORT",
            "dataType": "string",
            "sourceColumn": "DESTINATION_AIRPORT",
            "sourceProviderType": "varchar",
            "sourceLineageTag": "DESTINATION_AIRPORT",
            "summarizeBy": "none",
            "annotations": [
              {
                "name": "SummarizationSetBy",
                "value": "Automatic"
              }
            ]
          },
          {
            "name": "SCHEDULED_DEPARTURE",
            "dataType": "string",
            "sourceColumn": "SCHEDULED_DEPARTURE",
            "sourceProviderType": "varchar",
            "sourceLineageTag": "SCHEDULED_DEPARTURE",
            "summarizeBy": "none",
            "annotations": [
              {
                "name": "SummarizationSetBy",
                "value": "Automatic"
              }
            ]
          },
          {
            "name": "DEPARTURE_TIME",
            "dataType": "string",
            "sourceColumn": "DEPARTURE_TIME",
            "sourceProviderType": "varchar",
            "sourceLineageTag": "DEPARTURE_TIME",
            "summarizeBy": "none",
            "annotations": [
              {
                "name": "SummarizationSetBy",
                "value": "Automatic"
              }
            ]
          },
          {
            "name": "DEPARTURE_DELAY",
            "dataType": "string",
            "sourceColumn": "DEPARTURE_DELAY",
            "sourceProviderType": "varchar",
            "sourceLineageTag": "DEPARTURE_DELAY",
            "summarizeBy": "none",
            "annotations": [
              {
                "name": "SummarizationSetBy",
                "value": "Automatic"
              }
            ]
          },
          {
            "name": "TAXI_OUT",
            "dataType": "string",
            "sourceColumn": "TAXI_OUT",
            "sourceProviderType": "varchar",
            "sourceLineageTag": "TAXI_OUT",
            "summarizeBy": "none",
            "annotations": [
              {
                "name": "SummarizationSetBy",
                "value": "Automatic"
              }
            ]
          },
          {
            "name": "WHEELS_OFF",
            "dataType": "string",
            "sourceColumn": "WHEELS_OFF",
            "sourceProviderType": "varchar",
            "sourceLineageTag": "WHEELS_OFF",
            "summarizeBy": "none",
            "annotations": [
              {
                "name": "SummarizationSetBy",
                "value": "Automatic"
              }
            ]
          },
          {
            "name": "SCHEDULED_TIME",
            "dataType": "string",
            "sourceColumn": "SCHEDULED_TIME",
            "sourceProviderType": "varchar",
            "sourceLineageTag": "SCHEDULED_TIME",
            "summarizeBy": "none",
            "annotations": [
              {
                "name": "SummarizationSetBy",
                "value": "Automatic"
              }
            ]
          },
          {
            "name": "ELAPSED_TIME",
            "dataType": "string",
            "sourceColumn": "ELAPSED_TIME",
            "sourceProviderType": "varchar",
            "sourceLineageTag": "ELAPSED_TIME",
            "summarizeBy": "none",
            "annotations": [
              {
                "name": "SummarizationSetBy",
                "value": "Automatic"
              }
            ]
          },
          {
            "name": "AIR_TIME",
            "dataType": "string",
            "sourceColumn": "AIR_TIME",
            "sourceProviderType": "varchar",
            "sourceLineageTag": "AIR_TIME",
            "summarizeBy": "none",
            "annotations": [
              {
                "name": "SummarizationSetBy",
                "value": "Automatic"
              }
            ]
          },
          {
            "name": "DISTANCE",
            "dataType": "string",
            "sourceColumn": "DISTANCE",
            "sourceProviderType": "varchar",
            "sourceLineageTag": "DISTANCE",
            "summarizeBy": "none",
            "annotations": [
              {
                "name": "SummarizationSetBy",
                "value": "Automatic"
              }
            ]
          },
          {
            "name": "WHEELS_ON",
            "dataType": "string",
            "sourceColumn": "WHEELS_ON",
            "sourceProviderType": "varchar",
            "sourceLineageTag": "WHEELS_ON",
            "summarizeBy": "none",
            "annotations": [
              {
                "name": "SummarizationSetBy",
                "value": "Automatic"
              }
            ]
          },
          {
            "name": "TAXI_IN",
            "dataType": "string",
            "sourceColumn": "TAXI_IN",
            "sourceProviderType": "varchar",
            "sourceLineageTag": "TAXI_IN",
            "summarizeBy": "none",
            "annotations": [
              {
                "name": "SummarizationSetBy",
                "value": "Automatic"
              }
            ]
          },
          {
            "name": "SCHEDULED_ARRIVAL",
            "dataType": "string",
            "sourceColumn": "SCHEDULED_ARRIVAL",
            "sourceProviderType": "varchar",
            "sourceLineageTag": "SCHEDULED_ARRIVAL",
            "summarizeBy": "none",
            "annotations": [
              {
                "name": "SummarizationSetBy",
                "value": "Automatic"
              }
            ]
          },
          {
            "name": "ARRIVAL_TIME",
            "dataType": "string",
            "sourceColumn": "ARRIVAL_TIME",
            "sourceProviderType": "varchar",
            "sourceLineageTag": "ARRIVAL_TIME",
            "summarizeBy": "none",
            "annotations": [
              {
                "name": "SummarizationSetBy",
                "value": "Automatic"
              }
            ]
          },
          {
            "name": "ARRIVAL_DELAY",
            "dataType": "string",
            "sourceColumn": "ARRIVAL_DELAY",
            "sourceProviderType": "varchar",
            "sourceLineageTag": "ARRIVAL_DELAY",
            "summarizeBy": "none",
            "annotations": [
              {
                "name": "SummarizationSetBy",
                "value": "Automatic"
              }
            ]
          },
          {
            "name": "DIVERTED",
            "dataType": "string",
            "sourceColumn": "DIVERTED",
            "sourceProviderType": "varchar",
            "sourceLineageTag": "DIVERTED",
            "summarizeBy": "none",
            "annotations": [
              {
                "name": "SummarizationSetBy",
                "value": "Automatic"
              }
            ]
          },
          {
            "name": "CANCELLED",
            "dataType": "string",
            "sourceColumn": "CANCELLED",
            "sourceProviderType": "varchar",
            "sourceLineageTag": "CANCELLED",
            "summarizeBy": "none",
            "annotations": [
              {
                "name": "SummarizationSetBy",
                "value": "Automatic"
              }
            ]
          },
          {
            "name": "CANCELLATION_REASON",
            "dataType": "string",
            "sourceColumn": "CANCELLATION_REASON",
            "sourceProviderType": "varchar",
            "sourceLineageTag": "CANCELLATION_REASON",
            "summarizeBy": "none",
            "annotations": [
              {
                "name": "SummarizationSetBy",
                "value": "Automatic"
              }
            ]
          },
          {
            "name": "AIR_SYSTEM_DELAY",
            "dataType": "string",
            "sourceColumn": "AIR_SYSTEM_DELAY",
            "sourceProviderType": "varchar",
            "sourceLineageTag": "AIR_SYSTEM_DELAY",
            "summarizeBy": "none",
            "annotations": [
              {
                "name": "SummarizationSetBy",
                "value": "Automatic"
              }
            ]
          },
          {
            "name": "SECURITY_DELAY",
            "dataType": "string",
            "sourceColumn": "SECURITY_DELAY",
            "sourceProviderType": "varchar",
            "sourceLineageTag": "SECURITY_DELAY",
            "summarizeBy": "none",
            "annotations": [
              {
                "name": "SummarizationSetBy",
                "value": "Automatic"
              }
            ]
          },
          {
            "name": "AIRLINE_DELAY",
            "dataType": "string",
            "sourceColumn": "AIRLINE_DELAY",
            "sourceProviderType": "varchar",
            "sourceLineageTag": "AIRLINE_DELAY",
            "summarizeBy": "none",
            "annotations": [
              {
                "name": "SummarizationSetBy",
                "value": "Automatic"
              }
            ]
          },
          {
            "name": "LATE_AIRCRAFT_DELAY",
            "dataType": "string",
            "sourceColumn": "LATE_AIRCRAFT_DELAY",
            "sourceProviderType": "varchar",
            "sourceLineageTag": "LATE_AIRCRAFT_DELAY",
            "summarizeBy": "none",
            "annotations": [
              {
                "name": "SummarizationSetBy",
                "value": "Automatic"
              }
            ]
          },
          {
            "name": "WEATHER_DELAY",
            "dataType": "string",
            "sourceColumn": "WEATHER_DELAY",
            "sourceProviderType": "varchar",
            "sourceLineageTag": "WEATHER_DELAY",
            "summarizeBy": "none",
            "annotations": [
              {
                "name": "SummarizationSetBy",
                "value": "Automatic"
              }
            ]
          }
        ],
        "partitions": [
          {
            "name": "{{Partition_Name}}",
            "mode": "directLake",
            "source": {
              "type": "entity",
              "entityName": "flights_refined",
              "expressionSource": "DatabaseQuery",
              "schemaName": "dbo"
            }
          }
        ],
        "annotations": [
          {
            "name": "IsTableInBiModel",
            "value": "False"
          }
        ]
      },
      {
        "name": "flights_weather_enriched",
        "sourceLineageTag": "[dbo].[flights_weather_enriched]",
        "columns": [
          {
            "name": "STATION",
            "dataType": "string",
            "sourceColumn": "STATION",
            "sourceProviderType": "varchar",
            "sourceLineageTag": "STATION",
            "summarizeBy": "none",
            "annotations": [
              {
                "name": "SummarizationSetBy",
                "value": "Automatic"
              }
            ]
          },
          {
            "name": "DATE",
            "dataType": "string",
            "sourceColumn": "DATE",
            "sourceProviderType": "varchar",
            "sourceLineageTag": "DATE",
            "summarizeBy": "none",
            "annotations": [
              {
                "name": "SummarizationSetBy",
                "value": "Automatic"
              }
            ]
          },
          {
            "name": "LATITUDE",
            "dataType": "string",
            "sourceColumn": "LATITUDE",
            "sourceProviderType": "varchar",
            "sourceLineageTag": "LATITUDE",
            "summarizeBy": "none",
            "annotations": [
              {
                "name": "SummarizationSetBy",
                "value": "Automatic"
              }
            ]
          },
          {
            "name": "LONGITUDE",
            "dataType": "string",
            "sourceColumn": "LONGITUDE",
            "sourceProviderType": "varchar",
            "sourceLineageTag": "LONGITUDE",
            "summarizeBy": "none",
            "annotations": [
              {
                "name": "SummarizationSetBy",
                "value": "Automatic"
              }
            ]
          },
          {
            "name": "ELEVATION",
            "dataType": "string",
            "sourceColumn": "ELEVATION",
            "sourceProviderType": "varchar",
            "sourceLineageTag": "ELEVATION",
            "summarizeBy": "none",
            "annotations": [
              {
                "name": "SummarizationSetBy",
                "value": "Automatic"
              }
            ]
          },
          {
            "name": "NAME",
            "dataType": "string",
            "sourceColumn": "NAME",
            "sourceProviderType": "varchar",
            "sourceLineageTag": "NAME",
            "summarizeBy": "none",
            "annotations": [
              {
                "name": "SummarizationSetBy",
                "value": "Automatic"
              }
            ]
          },
          {
            "name": "TEMP",
            "dataType": "string",
            "sourceColumn": "TEMP",
            "sourceProviderType": "varchar",
            "sourceLineageTag": "TEMP",
            "summarizeBy": "none",
            "annotations": [
              {
                "name": "SummarizationSetBy",
                "value": "Automatic"
              }
            ]
          },
          {
            "name": "TEMP_ATTRIBUTES",
            "dataType": "string",
            "sourceColumn": "TEMP_ATTRIBUTES",
            "sourceProviderType": "varchar",
            "sourceLineageTag": "TEMP_ATTRIBUTES",
            "summarizeBy": "none",
            "annotations": [
              {
                "name": "SummarizationSetBy",
                "value": "Automatic"
              }
            ]
          },
          {
            "name": "DEWP",
            "dataType": "string",
            "sourceColumn": "DEWP",
            "sourceProviderType": "varchar",
            "sourceLineageTag": "DEWP",
            "summarizeBy": "none",
            "annotations": [
              {
                "name": "SummarizationSetBy",
                "value": "Automatic"
              }
            ]
          },
          {
            "name": "DEWP_ATTRIBUTES",
            "dataType": "string",
            "sourceColumn": "DEWP_ATTRIBUTES",
            "sourceProviderType": "varchar",
            "sourceLineageTag": "DEWP_ATTRIBUTES",
            "summarizeBy": "none",
            "annotations": [
              {
                "name": "SummarizationSetBy",
                "value": "Automatic"
              }
            ]
          },
          {
            "name": "SLP",
            "dataType": "string",
            "sourceColumn": "SLP",
            "sourceProviderType": "varchar",
            "sourceLineageTag": "SLP",
            "summarizeBy": "none",
            "annotations": [
              {
                "name": "SummarizationSetBy",
                "value": "Automatic"
              }
            ]
          },
          {
            "name": "SLP_ATTRIBUTES",
            "dataType": "string",
            "sourceColumn": "SLP_ATTRIBUTES",
            "sourceProviderType": "varchar",
            "sourceLineageTag": "SLP_ATTRIBUTES",
            "summarizeBy": "none",
            "annotations": [
              {
                "name": "SummarizationSetBy",
                "value": "Automatic"
              }
            ]
          },
          {
            "name": "STP",
            "dataType": "string",
            "sourceColumn": "STP",
            "sourceProviderType": "varchar",
            "sourceLineageTag": "STP",
            "summarizeBy": "none",
            "annotations": [
              {
                "name": "SummarizationSetBy",
                "value": "Automatic"
              }
            ]
          },
          {
            "name": "STP_ATTRIBUTES",
            "dataType": "string",
            "sourceColumn": "STP_ATTRIBUTES",
            "sourceProviderType": "varchar",
            "sourceLineageTag": "STP_ATTRIBUTES",
            "summarizeBy": "none",
            "annotations": [
              {
                "name": "SummarizationSetBy",
                "value": "Automatic"
              }
            ]
          },
          {
            "name": "VISIB",
            "dataType": "string",
            "sourceColumn": "VISIB",
            "sourceProviderType": "varchar",
            "sourceLineageTag": "VISIB",
            "summarizeBy": "none",
            "annotations": [
              {
                "name": "SummarizationSetBy",
                "value": "Automatic"
              }
            ]
          },
          {
            "name": "VISIB_ATTRIBUTES",
            "dataType": "string",
            "sourceColumn": "VISIB_ATTRIBUTES",
            "sourceProviderType": "varchar",
            "sourceLineageTag": "VISIB_ATTRIBUTES",
            "summarizeBy": "none",
            "annotations": [
              {
                "name": "SummarizationSetBy",
                "value": "Automatic"
              }
            ]
          },
          {
            "name": "WDSP",
            "dataType": "string",
            "sourceColumn": "WDSP",
            "sourceProviderType": "varchar",
            "sourceLineageTag": "WDSP",
            "summarizeBy": "none",
            "annotations": [
              {
                "name": "SummarizationSetBy",
                "value": "Automatic"
              }
            ]
          },
          {
            "name": "WDSP_ATTRIBUTES",
            "dataType": "string",
            "sourceColumn": "WDSP_ATTRIBUTES",
            "sourceProviderType": "varchar",
            "sourceLineageTag": "WDSP_ATTRIBUTES",
            "summarizeBy": "none",
            "annotations": [
              {
                "name": "SummarizationSetBy",
                "value": "Automatic"
              }
            ]
          },
          {
            "name": "MXSPD",
            "dataType": "string",
            "sourceColumn": "MXSPD",
            "sourceProviderType": "varchar",
            "sourceLineageTag": "MXSPD",
            "summarizeBy": "none",
            "annotations": [
              {
                "name": "SummarizationSetBy",
                "value": "Automatic"
              }
            ]
          },
          {
            "name": "GUST",
            "dataType": "string",
            "sourceColumn": "GUST",
            "sourceProviderType": "varchar",
            "sourceLineageTag": "GUST",
            "summarizeBy": "none",
            "annotations": [
              {
                "name": "SummarizationSetBy",
                "value": "Automatic"
              }
            ]
          },
          {
            "name": "MAX",
            "dataType": "string",
            "sourceColumn": "MAX",
            "sourceProviderType": "varchar",
            "sourceLineageTag": "MAX",
            "summarizeBy": "none",
            "annotations": [
              {
                "name": "SummarizationSetBy",
                "value": "Automatic"
              }
            ]
          },
          {
            "name": "MAX_ATTRIBUTES",
            "dataType": "string",
            "sourceColumn": "MAX_ATTRIBUTES",
            "sourceProviderType": "varchar",
            "sourceLineageTag": "MAX_ATTRIBUTES",
            "summarizeBy": "none",
            "annotations": [
              {
                "name": "SummarizationSetBy",
                "value": "Automatic"
              }
            ]
          },
          {
            "name": "MIN",
            "dataType": "string",
            "sourceColumn": "MIN",
            "sourceProviderType": "varchar",
            "sourceLineageTag": "MIN",
            "summarizeBy": "none",
            "annotations": [
              {
                "name": "SummarizationSetBy",
                "value": "Automatic"
              }
            ]
          },
          {
            "name": "MIN_ATTRIBUTES",
            "dataType": "string",
            "sourceColumn": "MIN_ATTRIBUTES",
            "sourceProviderType": "varchar",
            "sourceLineageTag": "MIN_ATTRIBUTES",
            "summarizeBy": "none",
            "annotations": [
              {
                "name": "SummarizationSetBy",
                "value": "Automatic"
              }
            ]
          },
          {
            "name": "PRCP",
            "dataType": "string",
            "sourceColumn": "PRCP",
            "sourceProviderType": "varchar",
            "sourceLineageTag": "PRCP",
            "summarizeBy": "none",
            "annotations": [
              {
                "name": "SummarizationSetBy",
                "value": "Automatic"
              }
            ]
          },
          {
            "name": "PRCP_ATTRIBUTES",
            "dataType": "string",
            "sourceColumn": "PRCP_ATTRIBUTES",
            "sourceProviderType": "varchar",
            "sourceLineageTag": "PRCP_ATTRIBUTES",
            "summarizeBy": "none",
            "annotations": [
              {
                "name": "SummarizationSetBy",
                "value": "Automatic"
              }
            ]
          },
          {
            "name": "SNDP",
            "dataType": "string",
            "sourceColumn": "SNDP",
            "sourceProviderType": "varchar",
            "sourceLineageTag": "SNDP",
            "summarizeBy": "none",
            "annotations": [
              {
                "name": "SummarizationSetBy",
                "value": "Automatic"
              }
            ]
          },
          {
            "name": "FRSHTT",
            "dataType": "string",
            "sourceColumn": "FRSHTT",
            "sourceProviderType": "varchar",
            "sourceLineageTag": "FRSHTT",
            "summarizeBy": "none",
            "annotations": [
              {
                "name": "SummarizationSetBy",
                "value": "Automatic"
              }
            ]
          },
          {
            "name": "YEAR",
            "dataType": "string",
            "sourceColumn": "YEAR",
            "sourceProviderType": "varchar",
            "sourceLineageTag": "YEAR",
            "summarizeBy": "none",
            "annotations": [
              {
                "name": "SummarizationSetBy",
                "value": "Automatic"
              }
            ]
          },
          {
            "name": "MONTH",
            "dataType": "string",
            "sourceColumn": "MONTH",
            "sourceProviderType": "varchar",
            "sourceLineageTag": "MONTH",
            "summarizeBy": "none",
            "annotations": [
              {
                "name": "SummarizationSetBy",
                "value": "Automatic"
              }
            ]
          },
          {
            "name": "DAY",
            "dataType": "string",
            "sourceColumn": "DAY",
            "sourceProviderType": "varchar",
            "sourceLineageTag": "DAY",
            "summarizeBy": "none",
            "annotations": [
              {
                "name": "SummarizationSetBy",
                "value": "Automatic"
              }
            ]
          },
          {
            "name": "DAY_OF_WEEK",
            "dataType": "string",
            "sourceColumn": "DAY_OF_WEEK",
            "sourceProviderType": "varchar",
            "sourceLineageTag": "DAY_OF_WEEK",
            "summarizeBy": "none",
            "annotations": [
              {
                "name": "SummarizationSetBy",
                "value": "Automatic"
              }
            ]
          },
          {
            "name": "AIRLINE",
            "dataType": "string",
            "sourceColumn": "AIRLINE",
            "sourceProviderType": "varchar",
            "sourceLineageTag": "AIRLINE",
            "summarizeBy": "none",
            "annotations": [
              {
                "name": "SummarizationSetBy",
                "value": "Automatic"
              }
            ]
          },
          {
            "name": "FLIGHT_NUMBER",
            "dataType": "string",
            "sourceColumn": "FLIGHT_NUMBER",
            "sourceProviderType": "varchar",
            "sourceLineageTag": "FLIGHT_NUMBER",
            "summarizeBy": "none",
            "annotations": [
              {
                "name": "SummarizationSetBy",
                "value": "Automatic"
              }
            ]
          },
          {
            "name": "TAIL_NUMBER",
            "dataType": "string",
            "sourceColumn": "TAIL_NUMBER",
            "sourceProviderType": "varchar",
            "sourceLineageTag": "TAIL_NUMBER",
            "summarizeBy": "none",
            "annotations": [
              {
                "name": "SummarizationSetBy",
                "value": "Automatic"
              }
            ]
          },
          {
            "name": "ORIGIN_AIRPORT",
            "dataType": "string",
            "sourceColumn": "ORIGIN_AIRPORT",
            "sourceProviderType": "varchar",
            "sourceLineageTag": "ORIGIN_AIRPORT",
            "summarizeBy": "none",
            "annotations": [
              {
                "name": "SummarizationSetBy",
                "value": "Automatic"
              }
            ]
          },
          {
            "name": "DESTINATION_AIRPORT",
            "dataType": "string",
            "sourceColumn": "DESTINATION_AIRPORT",
            "sourceProviderType": "varchar",
            "sourceLineageTag": "DESTINATION_AIRPORT",
            "summarizeBy": "none",
            "annotations": [
              {
                "name": "SummarizationSetBy",
                "value": "Automatic"
              }
            ]
          },
          {
            "name": "SCHEDULED_DEPARTURE",
            "dataType": "string",
            "sourceColumn": "SCHEDULED_DEPARTURE",
            "sourceProviderType": "varchar",
            "sourceLineageTag": "SCHEDULED_DEPARTURE",
            "summarizeBy": "none",
            "annotations": [
              {
                "name": "SummarizationSetBy",
                "value": "Automatic"
              }
            ]
          },
          {
            "name": "DEPARTURE_TIME",
            "dataType": "string",
            "sourceColumn": "DEPARTURE_TIME",
            "sourceProviderType": "varchar",
            "sourceLineageTag": "DEPARTURE_TIME",
            "summarizeBy": "none",
            "annotations": [
              {
                "name": "SummarizationSetBy",
                "value": "Automatic"
              }
            ]
          },
          {
            "name": "DEPARTURE_DELAY",
            "dataType": "string",
            "sourceColumn": "DEPARTURE_DELAY",
            "sourceProviderType": "varchar",
            "sourceLineageTag": "DEPARTURE_DELAY",
            "summarizeBy": "none",
            "annotations": [
              {
                "name": "SummarizationSetBy",
                "value": "Automatic"
              }
            ]
          },
          {
            "name": "TAXI_OUT",
            "dataType": "string",
            "sourceColumn": "TAXI_OUT",
            "sourceProviderType": "varchar",
            "sourceLineageTag": "TAXI_OUT",
            "summarizeBy": "none",
            "annotations": [
              {
                "name": "SummarizationSetBy",
                "value": "Automatic"
              }
            ]
          },
          {
            "name": "WHEELS_OFF",
            "dataType": "string",
            "sourceColumn": "WHEELS_OFF",
            "sourceProviderType": "varchar",
            "sourceLineageTag": "WHEELS_OFF",
            "summarizeBy": "none",
            "annotations": [
              {
                "name": "SummarizationSetBy",
                "value": "Automatic"
              }
            ]
          },
          {
            "name": "SCHEDULED_TIME",
            "dataType": "string",
            "sourceColumn": "SCHEDULED_TIME",
            "sourceProviderType": "varchar",
            "sourceLineageTag": "SCHEDULED_TIME",
            "summarizeBy": "none",
            "annotations": [
              {
                "name": "SummarizationSetBy",
                "value": "Automatic"
              }
            ]
          },
          {
            "name": "ELAPSED_TIME",
            "dataType": "string",
            "sourceColumn": "ELAPSED_TIME",
            "sourceProviderType": "varchar",
            "sourceLineageTag": "ELAPSED_TIME",
            "summarizeBy": "none",
            "annotations": [
              {
                "name": "SummarizationSetBy",
                "value": "Automatic"
              }
            ]
          },
          {
            "name": "AIR_TIME",
            "dataType": "string",
            "sourceColumn": "AIR_TIME",
            "sourceProviderType": "varchar",
            "sourceLineageTag": "AIR_TIME",
            "summarizeBy": "none",
            "annotations": [
              {
                "name": "SummarizationSetBy",
                "value": "Automatic"
              }
            ]
          },
          {
            "name": "DISTANCE",
            "dataType": "string",
            "sourceColumn": "DISTANCE",
            "sourceProviderType": "varchar",
            "sourceLineageTag": "DISTANCE",
            "summarizeBy": "none",
            "annotations": [
              {
                "name": "SummarizationSetBy",
                "value": "Automatic"
              }
            ]
          },
          {
            "name": "WHEELS_ON",
            "dataType": "string",
            "sourceColumn": "WHEELS_ON",
            "sourceProviderType": "varchar",
            "sourceLineageTag": "WHEELS_ON",
            "summarizeBy": "none",
            "annotations": [
              {
                "name": "SummarizationSetBy",
                "value": "Automatic"
              }
            ]
          },
          {
            "name": "TAXI_IN",
            "dataType": "string",
            "sourceColumn": "TAXI_IN",
            "sourceProviderType": "varchar",
            "sourceLineageTag": "TAXI_IN",
            "summarizeBy": "none",
            "annotations": [
              {
                "name": "SummarizationSetBy",
                "value": "Automatic"
              }
            ]
          },
          {
            "name": "SCHEDULED_ARRIVAL",
            "dataType": "string",
            "sourceColumn": "SCHEDULED_ARRIVAL",
            "sourceProviderType": "varchar",
            "sourceLineageTag": "SCHEDULED_ARRIVAL",
            "summarizeBy": "none",
            "annotations": [
              {
                "name": "SummarizationSetBy",
                "value": "Automatic"
              }
            ]
          },
          {
            "name": "ARRIVAL_TIME",
            "dataType": "string",
            "sourceColumn": "ARRIVAL_TIME",
            "sourceProviderType": "varchar",
            "sourceLineageTag": "ARRIVAL_TIME",
            "summarizeBy": "none",
            "annotations": [
              {
                "name": "SummarizationSetBy",
                "value": "Automatic"
              }
            ]
          },
          {
            "name": "ARRIVAL_DELAY",
            "dataType": "string",
            "sourceColumn": "ARRIVAL_DELAY",
            "sourceProviderType": "varchar",
            "sourceLineageTag": "ARRIVAL_DELAY",
            "summarizeBy": "none",
            "annotations": [
              {
                "name": "SummarizationSetBy",
                "value": "Automatic"
              }
            ]
          },
          {
            "name": "DIVERTED",
            "dataType": "string",
            "sourceColumn": "DIVERTED",
            "sourceProviderType": "varchar",
            "sourceLineageTag": "DIVERTED",
            "summarizeBy": "none",
            "annotations": [
              {
                "name": "SummarizationSetBy",
                "value": "Automatic"
              }
            ]
          },
          {
            "name": "CANCELLED",
            "dataType": "string",
            "sourceColumn": "CANCELLED",
            "sourceProviderType": "varchar",
            "sourceLineageTag": "CANCELLED",
            "summarizeBy": "none",
            "annotations": [
              {
                "name": "SummarizationSetBy",
                "value": "Automatic"
              }
            ]
          },
          {
            "name": "CANCELLATION_REASON",
            "dataType": "string",
            "sourceColumn": "CANCELLATION_REASON",
            "sourceProviderType": "varchar",
            "sourceLineageTag": "CANCELLATION_REASON",
            "summarizeBy": "none",
            "annotations": [
              {
                "name": "SummarizationSetBy",
                "value": "Automatic"
              }
            ]
          },
          {
            "name": "AIR_SYSTEM_DELAY",
            "dataType": "string",
            "sourceColumn": "AIR_SYSTEM_DELAY",
            "sourceProviderType": "varchar",
            "sourceLineageTag": "AIR_SYSTEM_DELAY",
            "summarizeBy": "none",
            "annotations": [
              {
                "name": "SummarizationSetBy",
                "value": "Automatic"
              }
            ]
          },
          {
            "name": "SECURITY_DELAY",
            "dataType": "string",
            "sourceColumn": "SECURITY_DELAY",
            "sourceProviderType": "varchar",
            "sourceLineageTag": "SECURITY_DELAY",
            "summarizeBy": "none",
            "annotations": [
              {
                "name": "SummarizationSetBy",
                "value": "Automatic"
              }
            ]
          },
          {
            "name": "AIRLINE_DELAY",
            "dataType": "string",
            "sourceColumn": "AIRLINE_DELAY",
            "sourceProviderType": "varchar",
            "sourceLineageTag": "AIRLINE_DELAY",
            "summarizeBy": "none",
            "annotations": [
              {
                "name": "SummarizationSetBy",
                "value": "Automatic"
              }
            ]
          },
          {
            "name": "LATE_AIRCRAFT_DELAY",
            "dataType": "string",
            "sourceColumn": "LATE_AIRCRAFT_DELAY",
            "sourceProviderType": "varchar",
            "sourceLineageTag": "LATE_AIRCRAFT_DELAY",
            "summarizeBy": "none",
            "annotations": [
              {
                "name": "SummarizationSetBy",
                "value": "Automatic"
              }
            ]
          },
          {
            "name": "WEATHER_DELAY",
            "dataType": "string",
            "sourceColumn": "WEATHER_DELAY",
            "sourceProviderType": "varchar",
            "sourceLineageTag": "WEATHER_DELAY",
            "summarizeBy": "none",
            "annotations": [
              {
                "name": "SummarizationSetBy",
                "value": "Automatic"
              }
            ]
          },
          {
            "name": "IATA_CODE",
            "dataType": "string",
            "sourceColumn": "IATA_CODE",
            "sourceProviderType": "varchar",
            "sourceLineageTag": "IATA_CODE",
            "summarizeBy": "none",
            "annotations": [
              {
                "name": "SummarizationSetBy",
                "value": "Automatic"
              }
            ]
          },
          {
            "name": "AIRPORT",
            "dataType": "string",
            "sourceColumn": "AIRPORT",
            "sourceProviderType": "varchar",
            "sourceLineageTag": "AIRPORT",
            "summarizeBy": "none",
            "annotations": [
              {
                "name": "SummarizationSetBy",
                "value": "Automatic"
              }
            ]
          },
          {
            "name": "CITY",
            "dataType": "string",
            "sourceColumn": "CITY",
            "sourceProviderType": "varchar",
            "sourceLineageTag": "CITY",
            "summarizeBy": "none",
            "annotations": [
              {
                "name": "SummarizationSetBy",
                "value": "Automatic"
              }
            ]
          },
          {
            "name": "STATE",
            "dataType": "string",
            "sourceColumn": "STATE",
            "sourceProviderType": "varchar",
            "sourceLineageTag": "STATE",
            "summarizeBy": "none",
            "annotations": [
              {
                "name": "SummarizationSetBy",
                "value": "Automatic"
              }
            ]
          },
          {
            "name": "COUNTRY",
            "dataType": "string",
            "sourceColumn": "COUNTRY",
            "sourceProviderType": "varchar",
            "sourceLineageTag": "COUNTRY",
            "summarizeBy": "none",
            "annotations": [
              {
                "name": "SummarizationSetBy",
                "value": "Automatic"
              }
            ]
          }
        ],
        "partitions": [
          {
            "name": "{{Partition_Name}}",
            "mode": "directLake",
            "source": {
              "type": "entity",
              "entityName": "flights_weather_enriched",
              "expressionSource": "DatabaseQuery",
              "schemaName": "dbo"
            }
          }
        ],
        "annotations": [
          {
            "name": "IsTableInBiModel",
            "value": "False"
          }
        ]
      },
      {
        "name": "flights_weather_enriched_2",
        "sourceLineageTag": "[dbo].[flights_weather_enriched_2]",
        "columns": [
          {
            "name": "STATION",
            "dataType": "string",
            "sourceColumn": "STATION",
            "sourceProviderType": "varchar",
            "sourceLineageTag": "STATION",
            "summarizeBy": "none",
            "annotations": [
              {
                "name": "SummarizationSetBy",
                "value": "Automatic"
              }
            ]
          },
          {
            "name": "DATE",
            "dataType": "string",
            "sourceColumn": "DATE",
            "sourceProviderType": "varchar",
            "sourceLineageTag": "DATE",
            "summarizeBy": "none",
            "annotations": [
              {
                "name": "SummarizationSetBy",
                "value": "Automatic"
              }
            ]
          },
          {
            "name": "LATITUDE",
            "dataType": "string",
            "sourceColumn": "LATITUDE",
            "sourceProviderType": "varchar",
            "sourceLineageTag": "LATITUDE",
            "summarizeBy": "none",
            "annotations": [
              {
                "name": "SummarizationSetBy",
                "value": "Automatic"
              }
            ]
          },
          {
            "name": "LONGITUDE",
            "dataType": "string",
            "sourceColumn": "LONGITUDE",
            "sourceProviderType": "varchar",
            "sourceLineageTag": "LONGITUDE",
            "summarizeBy": "none",
            "annotations": [
              {
                "name": "SummarizationSetBy",
                "value": "Automatic"
              }
            ]
          },
          {
            "name": "ELEVATION",
            "dataType": "string",
            "sourceColumn": "ELEVATION",
            "sourceProviderType": "varchar",
            "sourceLineageTag": "ELEVATION",
            "summarizeBy": "none",
            "annotations": [
              {
                "name": "SummarizationSetBy",
                "value": "Automatic"
              }
            ]
          },
          {
            "name": "NAME",
            "dataType": "string",
            "sourceColumn": "NAME",
            "sourceProviderType": "varchar",
            "sourceLineageTag": "NAME",
            "summarizeBy": "none",
            "annotations": [
              {
                "name": "SummarizationSetBy",
                "value": "Automatic"
              }
            ]
          },
          {
            "name": "TEMP",
            "dataType": "string",
            "sourceColumn": "TEMP",
            "sourceProviderType": "varchar",
            "sourceLineageTag": "TEMP",
            "summarizeBy": "none",
            "annotations": [
              {
                "name": "SummarizationSetBy",
                "value": "Automatic"
              }
            ]
          },
          {
            "name": "TEMP_ATTRIBUTES",
            "dataType": "string",
            "sourceColumn": "TEMP_ATTRIBUTES",
            "sourceProviderType": "varchar",
            "sourceLineageTag": "TEMP_ATTRIBUTES",
            "summarizeBy": "none",
            "annotations": [
              {
                "name": "SummarizationSetBy",
                "value": "Automatic"
              }
            ]
          },
          {
            "name": "DEWP",
            "dataType": "string",
            "sourceColumn": "DEWP",
            "sourceProviderType": "varchar",
            "sourceLineageTag": "DEWP",
            "summarizeBy": "none",
            "annotations": [
              {
                "name": "SummarizationSetBy",
                "value": "Automatic"
              }
            ]
          },
          {
            "name": "DEWP_ATTRIBUTES",
            "dataType": "string",
            "sourceColumn": "DEWP_ATTRIBUTES",
            "sourceProviderType": "varchar",
            "sourceLineageTag": "DEWP_ATTRIBUTES",
            "summarizeBy": "none",
            "annotations": [
              {
                "name": "SummarizationSetBy",
                "value": "Automatic"
              }
            ]
          },
          {
            "name": "SLP",
            "dataType": "string",
            "sourceColumn": "SLP",
            "sourceProviderType": "varchar",
            "sourceLineageTag": "SLP",
            "summarizeBy": "none",
            "annotations": [
              {
                "name": "SummarizationSetBy",
                "value": "Automatic"
              }
            ]
          },
          {
            "name": "SLP_ATTRIBUTES",
            "dataType": "string",
            "sourceColumn": "SLP_ATTRIBUTES",
            "sourceProviderType": "varchar",
            "sourceLineageTag": "SLP_ATTRIBUTES",
            "summarizeBy": "none",
            "annotations": [
              {
                "name": "SummarizationSetBy",
                "value": "Automatic"
              }
            ]
          },
          {
            "name": "STP",
            "dataType": "string",
            "sourceColumn": "STP",
            "sourceProviderType": "varchar",
            "sourceLineageTag": "STP",
            "summarizeBy": "none",
            "annotations": [
              {
                "name": "SummarizationSetBy",
                "value": "Automatic"
              }
            ]
          },
          {
            "name": "STP_ATTRIBUTES",
            "dataType": "string",
            "sourceColumn": "STP_ATTRIBUTES",
            "sourceProviderType": "varchar",
            "sourceLineageTag": "STP_ATTRIBUTES",
            "summarizeBy": "none",
            "annotations": [
              {
                "name": "SummarizationSetBy",
                "value": "Automatic"
              }
            ]
          },
          {
            "name": "VISIB",
            "dataType": "string",
            "sourceColumn": "VISIB",
            "sourceProviderType": "varchar",
            "sourceLineageTag": "VISIB",
            "summarizeBy": "none",
            "annotations": [
              {
                "name": "SummarizationSetBy",
                "value": "Automatic"
              }
            ]
          },
          {
            "name": "VISIB_ATTRIBUTES",
            "dataType": "string",
            "sourceColumn": "VISIB_ATTRIBUTES",
            "sourceProviderType": "varchar",
            "sourceLineageTag": "VISIB_ATTRIBUTES",
            "summarizeBy": "none",
            "annotations": [
              {
                "name": "SummarizationSetBy",
                "value": "Automatic"
              }
            ]
          },
          {
            "name": "WDSP",
            "dataType": "string",
            "sourceColumn": "WDSP",
            "sourceProviderType": "varchar",
            "sourceLineageTag": "WDSP",
            "summarizeBy": "none",
            "annotations": [
              {
                "name": "SummarizationSetBy",
                "value": "Automatic"
              }
            ]
          },
          {
            "name": "WDSP_ATTRIBUTES",
            "dataType": "string",
            "sourceColumn": "WDSP_ATTRIBUTES",
            "sourceProviderType": "varchar",
            "sourceLineageTag": "WDSP_ATTRIBUTES",
            "summarizeBy": "none",
            "annotations": [
              {
                "name": "SummarizationSetBy",
                "value": "Automatic"
              }
            ]
          },
          {
            "name": "MXSPD",
            "dataType": "string",
            "sourceColumn": "MXSPD",
            "sourceProviderType": "varchar",
            "sourceLineageTag": "MXSPD",
            "summarizeBy": "none",
            "annotations": [
              {
                "name": "SummarizationSetBy",
                "value": "Automatic"
              }
            ]
          },
          {
            "name": "GUST",
            "dataType": "string",
            "sourceColumn": "GUST",
            "sourceProviderType": "varchar",
            "sourceLineageTag": "GUST",
            "summarizeBy": "none",
            "annotations": [
              {
                "name": "SummarizationSetBy",
                "value": "Automatic"
              }
            ]
          },
          {
            "name": "MAX",
            "dataType": "string",
            "sourceColumn": "MAX",
            "sourceProviderType": "varchar",
            "sourceLineageTag": "MAX",
            "summarizeBy": "none",
            "annotations": [
              {
                "name": "SummarizationSetBy",
                "value": "Automatic"
              }
            ]
          },
          {
            "name": "MAX_ATTRIBUTES",
            "dataType": "string",
            "sourceColumn": "MAX_ATTRIBUTES",
            "sourceProviderType": "varchar",
            "sourceLineageTag": "MAX_ATTRIBUTES",
            "summarizeBy": "none",
            "annotations": [
              {
                "name": "SummarizationSetBy",
                "value": "Automatic"
              }
            ]
          },
          {
            "name": "MIN",
            "dataType": "string",
            "sourceColumn": "MIN",
            "sourceProviderType": "varchar",
            "sourceLineageTag": "MIN",
            "summarizeBy": "none",
            "annotations": [
              {
                "name": "SummarizationSetBy",
                "value": "Automatic"
              }
            ]
          },
          {
            "name": "MIN_ATTRIBUTES",
            "dataType": "string",
            "sourceColumn": "MIN_ATTRIBUTES",
            "sourceProviderType": "varchar",
            "sourceLineageTag": "MIN_ATTRIBUTES",
            "summarizeBy": "none",
            "annotations": [
              {
                "name": "SummarizationSetBy",
                "value": "Automatic"
              }
            ]
          },
          {
            "name": "PRCP",
            "dataType": "string",
            "sourceColumn": "PRCP",
            "sourceProviderType": "varchar",
            "sourceLineageTag": "PRCP",
            "summarizeBy": "none",
            "annotations": [
              {
                "name": "SummarizationSetBy",
                "value": "Automatic"
              }
            ]
          },
          {
            "name": "PRCP_ATTRIBUTES",
            "dataType": "string",
            "sourceColumn": "PRCP_ATTRIBUTES",
            "sourceProviderType": "varchar",
            "sourceLineageTag": "PRCP_ATTRIBUTES",
            "summarizeBy": "none",
            "annotations": [
              {
                "name": "SummarizationSetBy",
                "value": "Automatic"
              }
            ]
          },
          {
            "name": "SNDP",
            "dataType": "string",
            "sourceColumn": "SNDP",
            "sourceProviderType": "varchar",
            "sourceLineageTag": "SNDP",
            "summarizeBy": "none",
            "annotations": [
              {
                "name": "SummarizationSetBy",
                "value": "Automatic"
              }
            ]
          },
          {
            "name": "FRSHTT",
            "dataType": "string",
            "sourceColumn": "FRSHTT",
            "sourceProviderType": "varchar",
            "sourceLineageTag": "FRSHTT",
            "summarizeBy": "none",
            "annotations": [
              {
                "name": "SummarizationSetBy",
                "value": "Automatic"
              }
            ]
          },
          {
            "name": "YEAR",
            "dataType": "string",
            "sourceColumn": "YEAR",
            "sourceProviderType": "varchar",
            "sourceLineageTag": "YEAR",
            "summarizeBy": "none",
            "annotations": [
              {
                "name": "SummarizationSetBy",
                "value": "Automatic"
              }
            ]
          },
          {
            "name": "MONTH",
            "dataType": "string",
            "sourceColumn": "MONTH",
            "sourceProviderType": "varchar",
            "sourceLineageTag": "MONTH",
            "summarizeBy": "none",
            "annotations": [
              {
                "name": "SummarizationSetBy",
                "value": "Automatic"
              }
            ]
          },
          {
            "name": "DAY",
            "dataType": "string",
            "sourceColumn": "DAY",
            "sourceProviderType": "varchar",
            "sourceLineageTag": "DAY",
            "summarizeBy": "none",
            "annotations": [
              {
                "name": "SummarizationSetBy",
                "value": "Automatic"
              }
            ]
          },
          {
            "name": "DAY_OF_WEEK",
            "dataType": "string",
            "sourceColumn": "DAY_OF_WEEK",
            "sourceProviderType": "varchar",
            "sourceLineageTag": "DAY_OF_WEEK",
            "summarizeBy": "none",
            "annotations": [
              {
                "name": "SummarizationSetBy",
                "value": "Automatic"
              }
            ]
          },
          {
            "name": "AIRLINE",
            "dataType": "string",
            "sourceColumn": "AIRLINE",
            "sourceProviderType": "varchar",
            "sourceLineageTag": "AIRLINE",
            "summarizeBy": "none",
            "annotations": [
              {
                "name": "SummarizationSetBy",
                "value": "Automatic"
              }
            ]
          },
          {
            "name": "FLIGHT_NUMBER",
            "dataType": "string",
            "sourceColumn": "FLIGHT_NUMBER",
            "sourceProviderType": "varchar",
            "sourceLineageTag": "FLIGHT_NUMBER",
            "summarizeBy": "none",
            "annotations": [
              {
                "name": "SummarizationSetBy",
                "value": "Automatic"
              }
            ]
          },
          {
            "name": "TAIL_NUMBER",
            "dataType": "string",
            "sourceColumn": "TAIL_NUMBER",
            "sourceProviderType": "varchar",
            "sourceLineageTag": "TAIL_NUMBER",
            "summarizeBy": "none",
            "annotations": [
              {
                "name": "SummarizationSetBy",
                "value": "Automatic"
              }
            ]
          },
          {
            "name": "ORIGIN_AIRPORT",
            "dataType": "string",
            "sourceColumn": "ORIGIN_AIRPORT",
            "sourceProviderType": "varchar",
            "sourceLineageTag": "ORIGIN_AIRPORT",
            "summarizeBy": "none",
            "annotations": [
              {
                "name": "SummarizationSetBy",
                "value": "Automatic"
              }
            ]
          },
          {
            "name": "DESTINATION_AIRPORT",
            "dataType": "string",
            "sourceColumn": "DESTINATION_AIRPORT",
            "sourceProviderType": "varchar",
            "sourceLineageTag": "DESTINATION_AIRPORT",
            "summarizeBy": "none",
            "annotations": [
              {
                "name": "SummarizationSetBy",
                "value": "Automatic"
              }
            ]
          },
          {
            "name": "SCHEDULED_DEPARTURE",
            "dataType": "string",
            "sourceColumn": "SCHEDULED_DEPARTURE",
            "sourceProviderType": "varchar",
            "sourceLineageTag": "SCHEDULED_DEPARTURE",
            "summarizeBy": "none",
            "annotations": [
              {
                "name": "SummarizationSetBy",
                "value": "Automatic"
              }
            ]
          },
          {
            "name": "DEPARTURE_TIME",
            "dataType": "string",
            "sourceColumn": "DEPARTURE_TIME",
            "sourceProviderType": "varchar",
            "sourceLineageTag": "DEPARTURE_TIME",
            "summarizeBy": "none",
            "annotations": [
              {
                "name": "SummarizationSetBy",
                "value": "Automatic"
              }
            ]
          },
          {
            "name": "DEPARTURE_DELAY",
            "dataType": "string",
            "sourceColumn": "DEPARTURE_DELAY",
            "sourceProviderType": "varchar",
            "sourceLineageTag": "DEPARTURE_DELAY",
            "summarizeBy": "none",
            "annotations": [
              {
                "name": "SummarizationSetBy",
                "value": "Automatic"
              }
            ]
          },
          {
            "name": "TAXI_OUT",
            "dataType": "string",
            "sourceColumn": "TAXI_OUT",
            "sourceProviderType": "varchar",
            "sourceLineageTag": "TAXI_OUT",
            "summarizeBy": "none",
            "annotations": [
              {
                "name": "SummarizationSetBy",
                "value": "Automatic"
              }
            ]
          },
          {
            "name": "WHEELS_OFF",
            "dataType": "string",
            "sourceColumn": "WHEELS_OFF",
            "sourceProviderType": "varchar",
            "sourceLineageTag": "WHEELS_OFF",
            "summarizeBy": "none",
            "annotations": [
              {
                "name": "SummarizationSetBy",
                "value": "Automatic"
              }
            ]
          },
          {
            "name": "SCHEDULED_TIME",
            "dataType": "string",
            "sourceColumn": "SCHEDULED_TIME",
            "sourceProviderType": "varchar",
            "sourceLineageTag": "SCHEDULED_TIME",
            "summarizeBy": "none",
            "annotations": [
              {
                "name": "SummarizationSetBy",
                "value": "Automatic"
              }
            ]
          },
          {
            "name": "ELAPSED_TIME",
            "dataType": "string",
            "sourceColumn": "ELAPSED_TIME",
            "sourceProviderType": "varchar",
            "sourceLineageTag": "ELAPSED_TIME",
            "summarizeBy": "none",
            "annotations": [
              {
                "name": "SummarizationSetBy",
                "value": "Automatic"
              }
            ]
          },
          {
            "name": "AIR_TIME",
            "dataType": "string",
            "sourceColumn": "AIR_TIME",
            "sourceProviderType": "varchar",
            "sourceLineageTag": "AIR_TIME",
            "summarizeBy": "none",
            "annotations": [
              {
                "name": "SummarizationSetBy",
                "value": "Automatic"
              }
            ]
          },
          {
            "name": "DISTANCE",
            "dataType": "string",
            "sourceColumn": "DISTANCE",
            "sourceProviderType": "varchar",
            "sourceLineageTag": "DISTANCE",
            "summarizeBy": "none",
            "annotations": [
              {
                "name": "SummarizationSetBy",
                "value": "Automatic"
              }
            ]
          },
          {
            "name": "WHEELS_ON",
            "dataType": "string",
            "sourceColumn": "WHEELS_ON",
            "sourceProviderType": "varchar",
            "sourceLineageTag": "WHEELS_ON",
            "summarizeBy": "none",
            "annotations": [
              {
                "name": "SummarizationSetBy",
                "value": "Automatic"
              }
            ]
          },
          {
            "name": "TAXI_IN",
            "dataType": "string",
            "sourceColumn": "TAXI_IN",
            "sourceProviderType": "varchar",
            "sourceLineageTag": "TAXI_IN",
            "summarizeBy": "none",
            "annotations": [
              {
                "name": "SummarizationSetBy",
                "value": "Automatic"
              }
            ]
          },
          {
            "name": "SCHEDULED_ARRIVAL",
            "dataType": "string",
            "sourceColumn": "SCHEDULED_ARRIVAL",
            "sourceProviderType": "varchar",
            "sourceLineageTag": "SCHEDULED_ARRIVAL",
            "summarizeBy": "none",
            "annotations": [
              {
                "name": "SummarizationSetBy",
                "value": "Automatic"
              }
            ]
          },
          {
            "name": "ARRIVAL_TIME",
            "dataType": "string",
            "sourceColumn": "ARRIVAL_TIME",
            "sourceProviderType": "varchar",
            "sourceLineageTag": "ARRIVAL_TIME",
            "summarizeBy": "none",
            "annotations": [
              {
                "name": "SummarizationSetBy",
                "value": "Automatic"
              }
            ]
          },
          {
            "name": "ARRIVAL_DELAY",
            "dataType": "string",
            "sourceColumn": "ARRIVAL_DELAY",
            "sourceProviderType": "varchar",
            "sourceLineageTag": "ARRIVAL_DELAY",
            "summarizeBy": "none",
            "annotations": [
              {
                "name": "SummarizationSetBy",
                "value": "Automatic"
              }
            ]
          },
          {
            "name": "DIVERTED",
            "dataType": "string",
            "sourceColumn": "DIVERTED",
            "sourceProviderType": "varchar",
            "sourceLineageTag": "DIVERTED",
            "summarizeBy": "none",
            "annotations": [
              {
                "name": "SummarizationSetBy",
                "value": "Automatic"
              }
            ]
          },
          {
            "name": "CANCELLED",
            "dataType": "string",
            "sourceColumn": "CANCELLED",
            "sourceProviderType": "varchar",
            "sourceLineageTag": "CANCELLED",
            "summarizeBy": "none",
            "annotations": [
              {
                "name": "SummarizationSetBy",
                "value": "Automatic"
              }
            ]
          },
          {
            "name": "CANCELLATION_REASON",
            "dataType": "string",
            "sourceColumn": "CANCELLATION_REASON",
            "sourceProviderType": "varchar",
            "sourceLineageTag": "CANCELLATION_REASON",
            "summarizeBy": "none",
            "annotations": [
              {
                "name": "SummarizationSetBy",
                "value": "Automatic"
              }
            ]
          },
          {
            "name": "AIR_SYSTEM_DELAY",
            "dataType": "string",
            "sourceColumn": "AIR_SYSTEM_DELAY",
            "sourceProviderType": "varchar",
            "sourceLineageTag": "AIR_SYSTEM_DELAY",
            "summarizeBy": "none",
            "annotations": [
              {
                "name": "SummarizationSetBy",
                "value": "Automatic"
              }
            ]
          },
          {
            "name": "SECURITY_DELAY",
            "dataType": "string",
            "sourceColumn": "SECURITY_DELAY",
            "sourceProviderType": "varchar",
            "sourceLineageTag": "SECURITY_DELAY",
            "summarizeBy": "none",
            "annotations": [
              {
                "name": "SummarizationSetBy",
                "value": "Automatic"
              }
            ]
          },
          {
            "name": "AIRLINE_DELAY",
            "dataType": "string",
            "sourceColumn": "AIRLINE_DELAY",
            "sourceProviderType": "varchar",
            "sourceLineageTag": "AIRLINE_DELAY",
            "summarizeBy": "none",
            "annotations": [
              {
                "name": "SummarizationSetBy",
                "value": "Automatic"
              }
            ]
          },
          {
            "name": "LATE_AIRCRAFT_DELAY",
            "dataType": "string",
            "sourceColumn": "LATE_AIRCRAFT_DELAY",
            "sourceProviderType": "varchar",
            "sourceLineageTag": "LATE_AIRCRAFT_DELAY",
            "summarizeBy": "none",
            "annotations": [
              {
                "name": "SummarizationSetBy",
                "value": "Automatic"
              }
            ]
          },
          {
            "name": "WEATHER_DELAY",
            "dataType": "string",
            "sourceColumn": "WEATHER_DELAY",
            "sourceProviderType": "varchar",
            "sourceLineageTag": "WEATHER_DELAY",
            "summarizeBy": "none",
            "annotations": [
              {
                "name": "SummarizationSetBy",
                "value": "Automatic"
              }
            ]
          },
          {
            "name": "IATA_CODE",
            "dataType": "string",
            "sourceColumn": "IATA_CODE",
            "sourceProviderType": "varchar",
            "sourceLineageTag": "IATA_CODE",
            "summarizeBy": "none",
            "annotations": [
              {
                "name": "SummarizationSetBy",
                "value": "Automatic"
              }
            ]
          },
          {
            "name": "AIRPORT",
            "dataType": "string",
            "sourceColumn": "AIRPORT",
            "sourceProviderType": "varchar",
            "sourceLineageTag": "AIRPORT",
            "summarizeBy": "none",
            "annotations": [
              {
                "name": "SummarizationSetBy",
                "value": "Automatic"
              }
            ]
          },
          {
            "name": "CITY",
            "dataType": "string",
            "sourceColumn": "CITY",
            "sourceProviderType": "varchar",
            "sourceLineageTag": "CITY",
            "summarizeBy": "none",
            "annotations": [
              {
                "name": "SummarizationSetBy",
                "value": "Automatic"
              }
            ]
          },
          {
            "name": "STATE",
            "dataType": "string",
            "sourceColumn": "STATE",
            "sourceProviderType": "varchar",
            "sourceLineageTag": "STATE",
            "summarizeBy": "none",
            "annotations": [
              {
                "name": "SummarizationSetBy",
                "value": "Automatic"
              }
            ]
          },
          {
            "name": "COUNTRY",
            "dataType": "string",
            "sourceColumn": "COUNTRY",
            "sourceProviderType": "varchar",
            "sourceLineageTag": "COUNTRY",
            "summarizeBy": "none",
            "annotations": [
              {
                "name": "SummarizationSetBy",
                "value": "Automatic"
              }
            ]
          }
        ],
        "partitions": [
          {
            "name": "{{Partition_Name}}",
            "mode": "directLake",
            "source": {
              "type": "entity",
              "entityName": "flights_weather_enriched_2",
              "expressionSource": "DatabaseQuery",
              "schemaName": "dbo"
            }
          }
        ],
        "annotations": [
          {
            "name": "IsTableInBiModel",
            "value": "False"
          }
        ]
      },
      {
        "name": "weather_noaa_refined",
        "sourceLineageTag": "[dbo].[weather_noaa_refined]",
        "columns": [
          {
            "name": "STATION",
            "dataType": "string",
            "sourceColumn": "STATION",
            "sourceProviderType": "varchar",
            "sourceLineageTag": "STATION",
            "summarizeBy": "none",
            "annotations": [
              {
                "name": "SummarizationSetBy",
                "value": "Automatic"
              }
            ]
          },
          {
            "name": "DATE",
            "dataType": "string",
            "sourceColumn": "DATE",
            "sourceProviderType": "varchar",
            "sourceLineageTag": "DATE",
            "summarizeBy": "none",
            "annotations": [
              {
                "name": "SummarizationSetBy",
                "value": "Automatic"
              }
            ]
          },
          {
            "name": "LATITUDE",
            "dataType": "string",
            "sourceColumn": "LATITUDE",
            "sourceProviderType": "varchar",
            "sourceLineageTag": "LATITUDE",
            "summarizeBy": "none",
            "annotations": [
              {
                "name": "SummarizationSetBy",
                "value": "Automatic"
              }
            ]
          },
          {
            "name": "LONGITUDE",
            "dataType": "string",
            "sourceColumn": "LONGITUDE",
            "sourceProviderType": "varchar",
            "sourceLineageTag": "LONGITUDE",
            "summarizeBy": "none",
            "annotations": [
              {
                "name": "SummarizationSetBy",
                "value": "Automatic"
              }
            ]
          },
          {
            "name": "ELEVATION",
            "dataType": "string",
            "sourceColumn": "ELEVATION",
            "sourceProviderType": "varchar",
            "sourceLineageTag": "ELEVATION",
            "summarizeBy": "none",
            "annotations": [
              {
                "name": "SummarizationSetBy",
                "value": "Automatic"
              }
            ]
          },
          {
            "name": "NAME",
            "dataType": "string",
            "sourceColumn": "NAME",
            "sourceProviderType": "varchar",
            "sourceLineageTag": "NAME",
            "summarizeBy": "none",
            "annotations": [
              {
                "name": "SummarizationSetBy",
                "value": "Automatic"
              }
            ]
          },
          {
            "name": "TEMP",
            "dataType": "string",
            "sourceColumn": "TEMP",
            "sourceProviderType": "varchar",
            "sourceLineageTag": "TEMP",
            "summarizeBy": "none",
            "annotations": [
              {
                "name": "SummarizationSetBy",
                "value": "Automatic"
              }
            ]
          },
          {
            "name": "TEMP_ATTRIBUTES",
            "dataType": "string",
            "sourceColumn": "TEMP_ATTRIBUTES",
            "sourceProviderType": "varchar",
            "sourceLineageTag": "TEMP_ATTRIBUTES",
            "summarizeBy": "none",
            "annotations": [
              {
                "name": "SummarizationSetBy",
                "value": "Automatic"
              }
            ]
          },
          {
            "name": "DEWP",
            "dataType": "string",
            "sourceColumn": "DEWP",
            "sourceProviderType": "varchar",
            "sourceLineageTag": "DEWP",
            "summarizeBy": "none",
            "annotations": [
              {
                "name": "SummarizationSetBy",
                "value": "Automatic"
              }
            ]
          },
          {
            "name": "DEWP_ATTRIBUTES",
            "dataType": "string",
            "sourceColumn": "DEWP_ATTRIBUTES",
            "sourceProviderType": "varchar",
            "sourceLineageTag": "DEWP_ATTRIBUTES",
            "summarizeBy": "none",
            "annotations": [
              {
                "name": "SummarizationSetBy",
                "value": "Automatic"
              }
            ]
          },
          {
            "name": "SLP",
            "dataType": "string",
            "sourceColumn": "SLP",
            "sourceProviderType": "varchar",
            "sourceLineageTag": "SLP",
            "summarizeBy": "none",
            "annotations": [
              {
                "name": "SummarizationSetBy",
                "value": "Automatic"
              }
            ]
          },
          {
            "name": "SLP_ATTRIBUTES",
            "dataType": "string",
            "sourceColumn": "SLP_ATTRIBUTES",
            "sourceProviderType": "varchar",
            "sourceLineageTag": "SLP_ATTRIBUTES",
            "summarizeBy": "none",
            "annotations": [
              {
                "name": "SummarizationSetBy",
                "value": "Automatic"
              }
            ]
          },
          {
            "name": "STP",
            "dataType": "string",
            "sourceColumn": "STP",
            "sourceProviderType": "varchar",
            "sourceLineageTag": "STP",
            "summarizeBy": "none",
            "annotations": [
              {
                "name": "SummarizationSetBy",
                "value": "Automatic"
              }
            ]
          },
          {
            "name": "STP_ATTRIBUTES",
            "dataType": "string",
            "sourceColumn": "STP_ATTRIBUTES",
            "sourceProviderType": "varchar",
            "sourceLineageTag": "STP_ATTRIBUTES",
            "summarizeBy": "none",
            "annotations": [
              {
                "name": "SummarizationSetBy",
                "value": "Automatic"
              }
            ]
          },
          {
            "name": "VISIB",
            "dataType": "string",
            "sourceColumn": "VISIB",
            "sourceProviderType": "varchar",
            "sourceLineageTag": "VISIB",
            "summarizeBy": "none",
            "annotations": [
              {
                "name": "SummarizationSetBy",
                "value": "Automatic"
              }
            ]
          },
          {
            "name": "VISIB_ATTRIBUTES",
            "dataType": "string",
            "sourceColumn": "VISIB_ATTRIBUTES",
            "sourceProviderType": "varchar",
            "sourceLineageTag": "VISIB_ATTRIBUTES",
            "summarizeBy": "none",
            "annotations": [
              {
                "name": "SummarizationSetBy",
                "value": "Automatic"
              }
            ]
          },
          {
            "name": "WDSP",
            "dataType": "string",
            "sourceColumn": "WDSP",
            "sourceProviderType": "varchar",
            "sourceLineageTag": "WDSP",
            "summarizeBy": "none",
            "annotations": [
              {
                "name": "SummarizationSetBy",
                "value": "Automatic"
              }
            ]
          },
          {
            "name": "WDSP_ATTRIBUTES",
            "dataType": "string",
            "sourceColumn": "WDSP_ATTRIBUTES",
            "sourceProviderType": "varchar",
            "sourceLineageTag": "WDSP_ATTRIBUTES",
            "summarizeBy": "none",
            "annotations": [
              {
                "name": "SummarizationSetBy",
                "value": "Automatic"
              }
            ]
          },
          {
            "name": "MXSPD",
            "dataType": "string",
            "sourceColumn": "MXSPD",
            "sourceProviderType": "varchar",
            "sourceLineageTag": "MXSPD",
            "summarizeBy": "none",
            "annotations": [
              {
                "name": "SummarizationSetBy",
                "value": "Automatic"
              }
            ]
          },
          {
            "name": "GUST",
            "dataType": "string",
            "sourceColumn": "GUST",
            "sourceProviderType": "varchar",
            "sourceLineageTag": "GUST",
            "summarizeBy": "none",
            "annotations": [
              {
                "name": "SummarizationSetBy",
                "value": "Automatic"
              }
            ]
          },
          {
            "name": "MAX",
            "dataType": "string",
            "sourceColumn": "MAX",
            "sourceProviderType": "varchar",
            "sourceLineageTag": "MAX",
            "summarizeBy": "none",
            "annotations": [
              {
                "name": "SummarizationSetBy",
                "value": "Automatic"
              }
            ]
          },
          {
            "name": "MAX_ATTRIBUTES",
            "dataType": "string",
            "sourceColumn": "MAX_ATTRIBUTES",
            "sourceProviderType": "varchar",
            "sourceLineageTag": "MAX_ATTRIBUTES",
            "summarizeBy": "none",
            "annotations": [
              {
                "name": "SummarizationSetBy",
                "value": "Automatic"
              }
            ]
          },
          {
            "name": "MIN",
            "dataType": "string",
            "sourceColumn": "MIN",
            "sourceProviderType": "varchar",
            "sourceLineageTag": "MIN",
            "summarizeBy": "none",
            "annotations": [
              {
                "name": "SummarizationSetBy",
                "value": "Automatic"
              }
            ]
          },
          {
            "name": "MIN_ATTRIBUTES",
            "dataType": "string",
            "sourceColumn": "MIN_ATTRIBUTES",
            "sourceProviderType": "varchar",
            "sourceLineageTag": "MIN_ATTRIBUTES",
            "summarizeBy": "none",
            "annotations": [
              {
                "name": "SummarizationSetBy",
                "value": "Automatic"
              }
            ]
          },
          {
            "name": "PRCP",
            "dataType": "string",
            "sourceColumn": "PRCP",
            "sourceProviderType": "varchar",
            "sourceLineageTag": "PRCP",
            "summarizeBy": "none",
            "annotations": [
              {
                "name": "SummarizationSetBy",
                "value": "Automatic"
              }
            ]
          },
          {
            "name": "PRCP_ATTRIBUTES",
            "dataType": "string",
            "sourceColumn": "PRCP_ATTRIBUTES",
            "sourceProviderType": "varchar",
            "sourceLineageTag": "PRCP_ATTRIBUTES",
            "summarizeBy": "none",
            "annotations": [
              {
                "name": "SummarizationSetBy",
                "value": "Automatic"
              }
            ]
          },
          {
            "name": "SNDP",
            "dataType": "string",
            "sourceColumn": "SNDP",
            "sourceProviderType": "varchar",
            "sourceLineageTag": "SNDP",
            "summarizeBy": "none",
            "annotations": [
              {
                "name": "SummarizationSetBy",
                "value": "Automatic"
              }
            ]
          },
          {
            "name": "FRSHTT",
            "dataType": "string",
            "sourceColumn": "FRSHTT",
            "sourceProviderType": "varchar",
            "sourceLineageTag": "FRSHTT",
            "summarizeBy": "none",
            "annotations": [
              {
                "name": "SummarizationSetBy",
                "value": "Automatic"
              }
            ]
          }
        ],
        "partitions": [
          {
            "name": "{{Partition_Name}}",
            "mode": "directLake",
            "source": {
              "type": "entity",
              "entityName": "weather_noaa_refined",
              "expressionSource": "DatabaseQuery",
              "schemaName": "dbo"
            }
          }
        ],
        "annotations": [
          {
            "name": "IsTableInBiModel",
            "value": "False"
          }
        ]
      },
      {
        "name": "weather_raw_py",
        "sourceLineageTag": "[dbo].[weather_raw_py]",
        "columns": [
          {
            "name": "city",
            "dataType": "string",
            "sourceColumn": "city",
            "sourceProviderType": "varchar",
            "sourceLineageTag": "city",
            "summarizeBy": "none",
            "annotations": [
              {
                "name": "SummarizationSetBy",
                "value": "Automatic"
              }
            ]
          },
          {
            "name": "datetime",
            "dataType": "dateTime",
            "sourceColumn": "datetime",
            "formatString": "General Date",
            "sourceProviderType": "datetime2",
            "sourceLineageTag": "datetime",
            "summarizeBy": "none",
            "annotations": [
              {
                "name": "SummarizationSetBy",
                "value": "Automatic"
              }
            ]
          },
          {
            "name": "temperature_celsius",
            "dataType": "double",
            "sourceColumn": "temperature_celsius",
            "sourceProviderType": "float",
            "sourceLineageTag": "temperature_celsius",
            "summarizeBy": "sum",
            "annotations": [
              {
                "name": "SummarizationSetBy",
                "value": "Automatic"
              },
              {
                "name": "PBI_FormatHint",
                "value": "{\"isGeneralNumber\":true}"
              }
            ]
          },
          {
            "name": "humidity",
            "dataType": "int64",
            "sourceColumn": "humidity",
            "formatString": "0",
            "sourceProviderType": "bigint",
            "sourceLineageTag": "humidity",
            "summarizeBy": "sum",
            "annotations": [
              {
                "name": "SummarizationSetBy",
                "value": "Automatic"
              }
            ]
          },
          {
            "name": "wind_speed",
            "dataType": "double",
            "sourceColumn": "wind_speed",
            "sourceProviderType": "float",
            "sourceLineageTag": "wind_speed",
            "summarizeBy": "sum",
            "annotations": [
              {
                "name": "SummarizationSetBy",
                "value": "Automatic"
              },
              {
                "name": "PBI_FormatHint",
                "value": "{\"isGeneralNumber\":true}"
              }
            ]
          },
          {
            "name": "weather_description",
            "dataType": "string",
            "sourceColumn": "weather_description",
            "sourceProviderType": "varchar",
            "sourceLineageTag": "weather_description",
            "summarizeBy": "none",
            "annotations": [
              {
                "name": "SummarizationSetBy",
                "value": "Automatic"
              }
            ]
          }
        ],
        "partitions": [
          {
            "name": "{{Partition_Name}}",
            "mode": "directLake",
            "source": {
              "type": "entity",
              "entityName": "weather_raw_py",
              "expressionSource": "DatabaseQuery",
              "schemaName": "dbo"
            }
          }
        ],
        "annotations": [
          {
            "name": "IsTableInBiModel",
            "value": "False"
          }
        ]
      }
    ],
    "expressions": [
      {
        "name": "DatabaseQuery",
        "kind": "m",
        "expression": "let\n    database = {{TDS_Endpoint}}\nin\n    database\n"
      }
    ],
    "annotations": [
      {
        "name": "__PBI_TimeIntelligenceEnabled",
        "value": "0"
      },
      {
        "name": "SourceLineageTagType",
        "value": "DatabaseFullyQualifiedName"
      }
    ]
  }
}